user_id,policy_number,pi_first_name,pi_last_name,pi_address,pi_city,pi_st,pi_zipcode,phone_number,email_address,age
102304506,860000001,Angel,Brown,8755 Adams St,Dallas,TX,75001,2148675309,wickedChristie@yahoo.co.uk,75
102304507,860000002,Charlie,Davis,2465 Brown Ave,Dallas,TX,75001,2148675310,Carrierich@windstream.net,76
102304508,860000003,Elaine,Frankenstein,6554 California St,Dallas,TX,75001,2148675311,Paulsmoggy@blueyonder.co.uk,77
102304509,860000004,Gladys,Knight,8175 Alabama Ave,Dallas,TX,75001,2148675312,blushingAlexandra68@bigpond.net.au,78
102304510,860000005,Larry,Miller,1234 Arkansas Way,Dallas,TX,75001,2148675313,Franciscokind@yahoo.com.ar,79
102304511,860000006,Nancy,Opper,6543 Arizona St,Dallas,TX,75001,2148675314,Marierich@yandex.ru,80
102304512,860000007,Pauline,Qill,9876 Alaska Dr,Dallas,TX,75001,2148675315,Javiermisty@live.co.uk,81
102304513,860000008,Ronda,Stevens,4567 Conneticute Cir,Dallas,TX,75001,2148675316,Johnnyopen@yahoo.com.sg,82
102304514,860000009,Tim,Upchurch,7777 Colorado Dr,Dallas,TX,75001,2148675317,nuttyDiane@orange.fr,83
102304515,860000010,Val,Walker,2525 Delaware Way,Dallas,TX,75001,2148675318,niceAndre@yahoo.com.br,84
102304516,860000011,Yasmine,Zigler,7502 Florida St,Dallas,TX,75001,2148675319,Jaredeager@mail.ru,85
102304517,860000012,Brady,Crown,6767 Georgia Cir,Dallas,TX,75001,2148675320,livelyNatasha@aliceadsl.fr,60
102304518,860000013,Helen,Iglesias,987 Hawaii St,Dallas,TX,75001,2148675321,obnoxiousCarla40@tiscali.it,61
102304519,860000014,James,King,654 Idaho St,Dallas,TX,75001,2148675322,plainMeredith62@tin.it,62
102304520,860000015,Lauren,Mavis,655 Illilois Cir,Dallas,TX,75001,2148675323,agreeableCraig@live.it,63
102304521,860000016,Niles,Parker,656  Indiana St,Dallas,TX,75001,2148675324,Brandicrowded@cox.net,64
102304522,860000017,Rita,Samuels,657 Wyoming Way,Atlanta ,GA,303030,4042246731,powerfulChristina29@virgilio.it,65
102304523,860000018,Taylor,Willis,658 Pennsylvania St,Atlanta ,GA,303030,4042246731,wildKaitlin95@yahoo.fr,66
102304524,860000019,Zack,Young,659 Oregon Cir,Atlanta ,GA,303030,4042246731,delightfulLuke@yahoo.com.au,67
102304525,860000020,Chelsie,Carrera,660 Missouri Dr,Atlanta ,GA,303030,4042246731,Jeremiahcreepy@wanadoo.fr,68
102304526,860000021,David,Batagglia,661 Kansas St,Atlanta ,GA,303030,4042246731,Raulgood@tiscali.it,69
102304527,860000022,Cathy ,Banks,662 Iowa Rd,Atlanta ,GA,303030,4042246731,Jeremylively@comcast.net,70
102304528,860000023,Stephanie,Bates,663 Salamanca Dr,Atlanta ,GA,303030,4042246731,happyRussell@yahoo.co.jp,45
102304529,860000024,Ashley ,Boadwee,664 Breezeway Park,Atlanta ,GA,303030,4042246731,Ericashiny@hotmail.es,46
102304530,860000025,Fawn,Dragon,665 Louisiana Lane,Atlanta ,GA,303030,4042246731,Pamelaeager@yahoo.co.in,47
102304531,860000026,Haligh,Butler,756 Main St,Atlanta ,GA,303030,4042246731,quaintCarl@alice.it,48
102304532,860000027,Carley,Jimenez,667 2nd St,Atlanta ,GA,303030,4042246731,faithfulDevin@rocketmail.com,49
102304533,860000028,Colleen,Cahoon,668 3rd St,Atlanta ,GA,303030,4042246731,quaintBrandon@yahoo.com.br,50
102304534,860000029,Denise,Craine,669 4th St,Atlanta ,GA,303030,4042246731,Stevenlonely@juno.com,51
102304535,860000030,Elise,Prince,875 Maryland St,Atlanta ,GA,303030,4042246731,longSeth38@charter.net,52
102304536,860000031,Cynthia ,Dalen,876 Massachusetts St,Atlanta ,GA,303030,4042246731,tenseHenry@home.nl,53
102304537,860000032,Dwayne,Rogers,877 Michigan St,Atlanta ,GA,303030,4042246731,Marissatough@libero.it,65
102304538,860000033,Darren,Dappen,878 Minnesota Rd,Atlanta ,GA,303030,4042246731,Patriciaquaint@bellsouth.net,66
102304539,860000034,Shawn,Fidone,879 Mississippi Hwy,Atlanta ,GA,303030,4042246731,charmingClinton@yahoo.ca,67
102304540,860000035,Heather,Garcia,880 Missouri Ave,Atlanta ,GA,303030,4042246731,Robynpowerful@freenet.de,68
102304541,860000036,Arianna,Longmore,881 Montana St,Chicago,IL,606060,3128500843,courageousRachael89@facebook.com,69
102304542,860000037,Mike,Hansen,882 Nebraska St,Chicago,IL,606060,3128500843,pleasantRicky26@yahoo.co.jp,70
102304543,860000038,Lisa,Henkins,883 Nevada Way,Chicago,IL,606060,3128500843,wanderingDevon@t-online.de,71
102304544,860000039,Bob ,Long,884 New Hampshire Ave,Chicago,IL,606060,3128500843,eagerJoy92@uol.com.br,72
102304545,860000040,Kylie,Livermore,885 New Jersey St,Chicago,IL,606060,3128500843,enthusiasticJill90@orange.fr,73
102304546,860000041,Marilyn,Marrero,7575 New Mexico St,Chicago,IL,606060,3128500843,Lydiasleepy@hotmail.it,74
102304547,860000042,Kathy,Peterson,7576 New York St,Chicago,IL,606060,3128500843,cleanCara4@laposte.net,75
102304548,860000043,Katie ,Bell,7577 North Carolina Rd,Chicago,IL,606060,3128500843,muddyLauren91@hetnet.nl,76
102304549,860000044,Rachel,Pope,7578 North Dakota St,Chicago,IL,606060,3128500843,Caitlinawful@juno.com,77
102304550,860000045,Sherry,Renfrow,7579 Ohio Ave,Chicago,IL,606060,3128500843,nastyNicole23@laposte.net,55
102304551,860000046,Jeff,Robins,7580 Oklahoma Rd,Chicago,IL,606060,3128500843,hungryJacqueline14@yahoo.com.sg,56
102304552,860000047,Amanda,Rock,7581 Tennessee St,Chicago,IL,606060,3128500843,Victorpoised@verizon.net,57
102304553,860000048,Amy ,Vasta,7582 Dallas St,Chicago,IL,606060,3128500843,depressedNatasha@comcast.net,58
102304554,860000049,Cara,Waddell,7583 Utah St,Chicago,IL,606060,3128500843,Robertougly@att.net,59
102304555,860000050,John,Woodhead,7584 Virginia St,Chicago ,IL,303030,3128500843,Nicholeweary@yahoo.ca,60
